school_name,count
学校名称,178
宁夏长庆小学,1
银川市第二十一小学,1
宁夏回族自治区银川一中,1
宁夏大学附属中学,1
宁夏育才中学,1
宁夏长庆初级中学,1
宁夏长庆高级中学,1
宁夏嘉园双语幼儿园,1
宁夏新世纪嘉园分园,1
银川东晨第一幼儿园,1
银川东晨第二幼儿园,1
银川丽水幼儿园,1
银川众一海宝龙幼儿园,1
银川友爱幼儿园,1
银川启明星第一幼儿园,1
银川启明星第二幼儿园,1
银川天都幼儿园,1
银川市邮电幼儿园,1
银川星光华幼儿园,1
银川西夏德胜幼儿园,1
银川西夏新大地幼儿园,1
银川八一小学,1
银川博文小学,1
银川市博文小学,1
银川市实验小学,1
银川西夏德胜小学,1
宁夏岳麓高级中学,1
宁夏开元中学,1
银川唐徕回民中学,1
银川外国语实验学校,1
银川市二中西校区,1
银川市实验中学,1
银川市第九中学,1
银川市第二中学,1
银川市第六中学,1
银川景博中学,1
银川英才学校,1
银川高级中学,1
三建幼儿园,1
上前城星月回民幼儿园,1
主题阳光幼儿园,1
丽景雅居幼儿园,1
书琴幼儿园,1
兴庆区夏都幼儿园,1
兴庆区惠园幼儿园,1
兴庆区燕鸽湖幼儿园,1
吉睿幸福幼儿园,1
大新中心幼儿园,1
大新村幼儿园,1
太阳都市幼儿园,1
宝庆幼儿园,1
小巨龙幼儿园,1
康宝幼儿园,1
建源启明星三幼掌政鸣翠幼儿园,1
掌政中心幼儿园,1
新世界天使幼儿园,1
新水桥回民幼儿园,1
旭日龙幼儿园,1
春桥幼儿园,1
春苗幼儿园,2
未来星幼儿园,2
梓苑幼儿园,1
民乐回民幼儿园,1
江南水乡幼儿园,1
燕庆实验幼儿园,1
爱心幼儿园,3
百惠幼儿园,1
红黄蓝幼儿园,1
蓝天幼儿园,4
通贵中坤幼儿园,1
都市阳光幼儿园,1
金色阳光幼儿园,1
银川二幼枫叶桥幼儿园,1
银川剑桥双语幼儿园,1
银川市世纪幼儿园,1
银川市宗睦幼儿园,1
银川市林华幼儿园,1
银川市清湖幼儿园,1
银川市燕鸽幼儿园,1
银川市第三幼儿园,1
银川市第二幼儿园,1
银川市第五幼儿园,1
银川市第四幼儿园,1
唐徕北塔小学,1
宁夏蒙特梭利国际学校,1
少林精英小学,1
银川市兴区第十五小学,1
银川市兴庆区上前城小学,1
银川市兴庆区八里桥小学,1
银川市兴庆区友爱小学,1
银川市兴庆区司家桥小学,1
银川市兴庆区唐徕回民小学,1
银川市兴庆区回民第一小学,1
银川市兴庆区回民第三小学,1
银川市兴庆区回民第二小学,1
银川市兴庆区塔桥小学,1
银川市兴庆区大塘中心小学,1
银川市兴庆区官湖小学,1
银川市兴庆区张桂英希望小学,1
银川市兴庆区掌政中心小学,1
银川市兴庆区新水桥回民小学,1
银川市兴庆区新渠稍小学,1
银川市兴庆区春林小学,1
银川市兴庆区景岳小学,1
银川市兴庆区民乐小学,1
银川市兴庆区海军希望小学,1
银川市兴庆区海宝逸夫小学,1
银川市兴庆区满春小学,1
银川市兴庆区碱富桥小学,1
银川市兴庆区第七小学,1
银川市兴庆区第三小学,1
银川市兴庆区第二十三小学,1
银川市兴庆区第二十二小学,1
银川市兴庆区第二十五小学,1
银川市兴庆区第二十四小学,1
银川市兴庆区第二小学,1
银川市兴庆区第五小学,1
银川市兴庆区第六小学,1
银川市兴庆区第十一小学,1
银川市兴庆区第十九小学,1
银川市兴庆区第十二小学,1
银川市兴庆区第十八小学,1
银川市兴庆区第十六小学,1
银川市兴庆区第四小学,1
银川市兴庆区通北小学,1
银川市兴庆区通南小学,1
银川市兴庆区通西小学,1
银川市兴庆区镇河小学,1
银川市兴庆区高台逸夫小学,1
宁夏银川市兴庆区掌政中学,1
银川市兴庆区回民中学,1
银川市兴庆区月牙湖回民中学,1
银川市兴庆区满春中学,1
银川市兴庆区燕鸽学校,1
银川市回民中学,1
银川市第三中学,1
银川市第二十中学,1
银川市第十中学,1
银川市第十二中学,1
银川市第十五中学,1
世纪幼儿园,1
世纪星幼儿园,2
健才幼儿园,1
共享幼儿园,1
军宏幼儿园,1
宁水园幼儿园,1
宝葫芦幼儿园,1
小明星幼儿园,1
小白兔幼儿园,1
小百合幼儿园,1
小神童幼儿园,1
新思源幼儿园,1
智星幼儿园,1
民乐幼儿园,3
涤纶厂幼儿园,1
燕宝幼儿园,1
花儿朵朵幼儿园,1
花瓣里幼儿园,1
荷花盛开幼儿园,1
西花园爱心幼儿园,1
豆豆幼儿园,1
贺兰山农牧场幼儿园,1
金太阳幼儿园,4
银川市兴泾幼儿园,1
银川市吉祥幼儿园,1
银川市朔方幼儿园,1
银川市盈北幼儿园,1
银川市金城幼儿园,1
银棉幼儿园,1
镇北堡小蓝天幼儿园,1
镇北堡镇中心幼儿园,1
镇北堡镇育才幼儿园,1
宁夏农林科学院附属小学,1
西夏区兴泾镇回民一小,1
西夏区兴泾镇回民三小,1
西夏区兴泾镇回民二小,1
西夏区兴泾镇回民四小,1
西夏区南梁小学,1
西夏区回民小学,1
西夏区平吉堡小学,1
西夏区第一小学,1
西夏区第七小学,1
西夏区第三小学,1
西夏区第九小学,1
西夏区第二小学,1
西夏区第五小学,1
西夏区第八小学,1
西夏区第六小学,1
西夏区第十一小学,1
西夏区第十二小学,1
西夏区第十五小学,1
西夏区第十六小学,1
西夏区第十四小学,1
西夏区第十小学校,1
西夏区第四小学,1
西夏区贺兰山农牧场小学,1
西夏区镇北堡镇华西希望小学,1
西夏区镇北堡镇同庄小学,1
西夏区镇北堡镇奕龙希望小学,1
西夏区镇北堡镇志辉希望小学,1
西夏区镇北堡镇良渠梢小学,1
西夏区镇北堡镇顾家桥小学,1
银川市西夏区第十三小学,1
西夏区兴泾回民中学,1
西夏区华西希望中学,1
西夏区芦花学校,1
银川市第二十三中学,1
银川市第二十五中,1
银川市第二十四中学,1
银川市第八中学,1
银川市第十八中学,1
银川市第十六中学,1
银川市第十四中学,1
亲水苑幼儿园,1
人才二幼幼儿园,1
启文书院幼儿园,1
宁大南校区幼儿园,1
小博士幼儿园,2
小朋友智能幼儿园,1
小葵花幼儿园,1
小龙人幼儿园,1
市建一公司幼儿园,1
希望之星幼儿园,3
幼发拉底幼儿园,1
快乐宝宝幼儿园,1
快乐幼儿园,1
新明天幼儿园,1
新材·新世界幼儿园,1
新绣苑幼儿园,1
民生·爱依宝幼儿园,1
水利幼儿园,1
爱慧蒙特梭利幼儿园,1
男孩女孩幼儿园,1
盈南村幼儿园,1
碧水蓝天幼儿园,1
紫阳幼儿园,1
绿岛幼儿园,1
美吉姆早教中心,1
良田中心幼儿园,1
芳草源幼儿园,1
荣锦幼儿园,1
蓝山名邸幼儿园,1
金色童年幼儿园,2
银川市乐童幼儿园,1
银川市和顺幼儿园,1
银川市宝湖幼儿园,1
银川市枕水幼儿园,1
银川市盈南幼儿园,1
锦绣幼儿园,1
长兴七彩幼儿园,1
阳光宝贝幼儿园,1
颐和幼儿园,1
香柏树蒙特梭利幼儿园,1
龙凤幼儿园,1
金凤区丰登镇华新世纪希望小学,1
金凤区丰登镇永丰小学,1
金凤区宝湖实验小学（原五里台小学）,1
金凤区盈南小学,1
金凤区砖渠小学,1
金凤区第一回民小学,1
金凤区第七回民小学,1
金凤区第三小学,1
金凤区第二小学,1
金凤区第五小学,1
金凤区第八回民小学,1
金凤区第六小学,1
金凤区第十一小学,1
金凤区第十小学,1
金凤区第四回民小学,1
金凤区良田镇光彩回民小学,1
金凤区良田镇奕龙回民希望小学,1
金凤区良田镇曼新回民希望小学,1
金凤区良田镇植物园回民小学,1
金凤区良田镇泾龙回民小学,1
金凤区良田镇西台回民小学,1
金凤区阅海小学,1
金凤区高桥小学,1
银川市林场小学,1
金凤区丰登回民学校,1
金凤区良田回民学校,1
银川唐徕回民中学西校区,1
银川市第二十六中学,1
银川市第十三中学,1
华峻星彩幼儿园,1
望远工业园幼儿园,1
永宁县卓越幼儿园,1
永宁县喜洋洋幼儿园,1
永宁县安贝尔幼儿园,1
永宁县尚德礼仪幼儿园,1
永宁县智才幼儿园,1
永宁县爱伊儿幼儿园,1
永宁县祥和名邸幼儿园,1
永宁县童之乐托儿所,1
永宁县第二幼儿园,1
永宁县英睿阳光幼儿园,1
永宁县蒲公英幼儿园,1
永宁县蓝山帝景幼儿园,1
永宁县金太阳幼儿园,1
永宁县闽宁园艺村幼儿园,1
永宁县黄羊滩星星幼儿园,1
上河小学,1
东和小学,1
仁存小学,1
位团小学,1
北渠小学,1
姚家桥小学,1
宁化小学,1
宋澄小学,1
实验学校,1
建成小学,1
政权小学,1
望远小学,1
李庄小学,1
武河小学,1
永宁县征沙渠小学,1
永宁县望洪镇东西玉小学,1
永宁县望洪镇新华小学,1
永宁县望远镇丰盈小学,1
永宁县望远镇长湖小学,1
永宁县杨和镇北全小学,1
永宁县杨和镇旺全小学,1
永宁县杨和镇王太小学,1
永宁县杨和镇纳家户回民小学,1
永宁县玉泉营小学,1
永宁县第三小学,1
永宁县逸夫小学,1
玉海小学,1
王团回民小学,1
第二小学,1
胜利中心小学,1
西邵小学,1
通桥小学,1
铁东小学,1
铁西回民小学,1
银川实验小学望远蓝山分校,1
闽宁中心小学,1
雷台小学,1
靖益小学,1
黄夷小学,1
黄羊滩小学,1
回民中学,1
回民高级中学,1
文昌中学,1
望洪中学,1
李俊中学,2
永宁中学,1
永宁县文昌中学,1
永宁县望远中学,1
永宁县杨和镇回民中学,1
永宁县闽宁中学,1
通桥中学,1
一品尚都中心幼儿园,1
光明幼儿园,1
华梦大风车幼儿园,1
启明星幼儿园,1
天骏阳光幼儿园,1
广场艺术幼儿园,1
快乐天使幼儿园,1
智慧安鑫幼儿园,1
暖泉幼儿园,1
永乐幼儿园,1
电机厂幼儿园,1
童之梦幼儿园,2
蓝精灵幼儿园,2
金幼丫幼儿园,1
金色摇篮幼儿园,2
金豆豆典雅艺术幼儿园,1
锦龙之家幼儿园,2
贺兰县习岗镇五星小学,1
贺兰县习岗镇经济桥小学,1
贺兰县京星农牧场京星小学,1
贺兰县南梁北台子教学点,1
贺兰县南梁台子小学,1
贺兰县南梁台子育才教学点,1
贺兰县南梁台子铁西小学,1
贺兰县回民小学,1
贺兰县太阳城小学,1
贺兰县常信乡丁义小学,1
贺兰县常信乡丁北小学,1
贺兰县常信乡五渠小学,1
贺兰县常信乡光明小学,1
贺兰县常信乡团结回民小学,1
贺兰县常信乡安渠小学,1
贺兰县常信乡常信小学,1
贺兰县常信乡张亮小学,1
贺兰县常信乡旭光小学,1
贺兰县常信乡桂南小学,1
贺兰县常信乡桂文小学,1
贺兰县常信乡王田小学,1
贺兰县常信乡谭渠小学,1
贺兰县德胜小学,1
贺兰县暖泉农场学校,1
贺兰县洪广镇北庙小学,1
贺兰县洪广镇福和希望小学,1
贺兰县洪广镇金山小学,1
贺兰县洪广镇金沙小学,1
贺兰县洪广镇高渠小学,1
贺兰县洪广镇高荣小学,1
贺兰县立岗镇先进回民小学,1
贺兰县立岗镇兰星小学,1
贺兰县立岗镇星光小学,1
贺兰县立岗镇民乐回民小学,1
贺兰县立岗镇通义小学,1
贺兰县立岗镇通伏小学,1
贺兰县立岗镇金星小学,1
贺兰县立岗镇银星小学,1
贺兰县第一小学,1
贺兰县第二小学,1
贺兰县金贵镇保南小学,1
贺兰县金贵镇新渠回民小学,1
贺兰县金贵镇汉佐小学,1
贺兰县金贵镇江南小学,1
贺兰县金贵镇潘昶小学,1
贺兰县金贵镇潘西小学,1
贺兰县金贵镇红星小学,1
贺兰县金贵镇联星回民小学,1
贺兰县金贵镇银光小学,1
贺兰县金贵镇银河小学,1
贺兰县南梁台子回民中学,1
贺兰县月亮湖中学,1
贺兰县第一中学,1
贺兰县第三中学,1
贺兰县第二中学,1
贺兰县第四中学,1
贺兰县逸挥基金回民中学,1
贺兰县金贵回民中学,1
东塔黎明幼儿园,1
佳乐苑幼儿园,1
健康幼儿园,1
农场西苑幼儿园,1
启阳幼儿园,1
小天使幼儿园,5
崇兴中心幼儿园,1
新龙幼儿园,1
明珠幼儿园,2
智力幼儿园,1
枣园骄子幼儿园,1
灵武市佳乐苑幼儿园,1
灵武市幼儿园,1
灵武市智力幼儿园,1
童乐华庭幼儿园,1
童乐幼儿园,1
芳草幼儿园,1
荀桥幼儿园,1
贝乐幼儿园,1
灵武市东塔回民小学,1
灵武市中北小学,1
灵武市临河小学,1
灵武市农场学校,1
灵武市台子小学,1
灵武市大泉回民小学,1
灵武市崇兴小学,1
灵武市杜木桥回民小学,1
灵武市杜木桥小学,1
灵武市杨洪桥小学,1
灵武市沈家湖小学,1
灵武市泾灵燕宝小学,1
灵武市王家嘴小学,1
灵武市白土岗回民小学,1
灵武市白土岗小学,1
灵武市第一小学,1
灵武市第三小学,1
灵武市第二小学,1
灵武市第五小学,1
灵武市第四小学,1
灵武市郝家桥回民小学,1
灵武市郝家桥大泉学校,1
灵武市郝家桥小学,1
灵武市韩渠小学,1
灵武市马家滩小学,1
灵武市东塔学校,1
灵武市回民中学,1
灵武市新华桥学校,1
灵武市梧桐树学校,1
灵武市狼皮子梁学校,1
灵武市第一中学,1
灵武市第三中学,1
灵武市第二中学,1
灵武市第四中学,1
灵武英才学校,1
英才学校,1
石嘴山市第二十一中学,1
石嘴山市英华中学,1
七色花幼儿园,1
东街幼儿园,1
博文幼儿园,1
向日葵幼儿园,1
启蒙幼儿园,1
哆来咪幼儿园,1
嘉禾幼儿园,1
天圆幼儿园,1
宏德幼儿园,1
宝迪乐丽日分园,1
宝迪乐幼儿园,1
小雨点幼儿园,1
小龙汇幼儿园,1
快乐宝贝幼儿园,1
托福幼儿园,1
星光幼儿园,3
春晖幼儿园,2
春花幼儿园,2
春雨幼儿园,1
晨旭幼儿园,1
晶晶幼儿园,1
朝阳幼儿园,1
永康幼儿园,1
爱弥儿幼儿园,1
百灵幼儿园,1
紫苑阳光幼儿园,1
花蕾幼儿园,1
蓓蕾幼儿园,2
贝贝幼儿园,1
锦林幼儿园,1
阳光幼儿园,6
香媛幼儿园,1
宁夏隆湖扶贫经济开发区二站小学,1
宁夏隆湖扶贫经济开发区五站小学,1
宁夏隆湖扶贫经济开发区六站小学,1
宁夏隆湖扶贫经济开发区四站小学,1
石嘴山市丽日小学,1
石嘴山市乌兰学校,1
石嘴山市大武口区锦林小学,1
石嘴山市奔牛学校,1
石嘴山市星海小学,1
石嘴山市白芨沟小学,1
石嘴山市第七小学,1
石嘴山市第二十一小学,1
石嘴山市第二十小学,1
石嘴山市第六小学,1
石嘴山市第十一小学,1
石嘴山市第十三小学,1
石嘴山市第十九小学,1
石嘴山市第十二小学,1
石嘴山市第十五小学,1
石嘴山市第十八小学,1
石嘴山市第十六小学,1
石嘴山市第十四小学,1
石嘴山市第十小学,1
石嘴山市胜利学校,1
石嘴山市隆湖一站小学,1
宁夏隆湖扶贫经济开发区一站学校,1
宁夏隆湖扶贫经济开发区中学,1
石嘴山市光明中学,1
石嘴山市第七中学,1
石嘴山市第三中学,1
石嘴山市第九中学,1
石嘴山市第五中学,1
石嘴山市第八中学,1
石嘴山市第六中学,1
石嘴山市第十七中学,1
石嘴山市第十二中学,1
石嘴山市育才学校,1
七彩幼儿园,1
启智幼儿园,2
大风车幼儿园,1
小博士幼儿园（吉运园）尾闸镇小清华幼儿园,1
小博士幼儿园（泰和园）,1
小太阳幼儿园,2
智慧幼儿园,1
智慧幼儿园静安分园,1
桥西幼儿园,1
爱儿乐幼儿园,1
礼和乡红果果幼儿园,1
童星幼儿园,1
育苗幼儿园,1
艺昕幼儿园,1
宁夏石嘴山市实验学校,1
宁夏石嘴山市惠农区燕子墩乡中心小学,1
宁夏石嘴山市第八小学(原电厂小学),1
惠农区庙台小学,1
惠农区礼和乡礼和中心小学,1
石嘴山市惠农区东永固小学,1
石嘴山市惠农区尾闸镇聚宝小学,1
石嘴山市惠农区惠农小学,1
石嘴山市惠农区燕子墩学校,1
石嘴山市惠农区简泉小学,1
石嘴山市惠农区静安小学,1
石嘴山市第一小学,1
石嘴山市第三小学,1
石嘴山市第九小学,1
石嘴山市第二十三小学(城区）,1
石嘴山市第二十二小学,1
石嘴山市第二十六小学,1
石嘴山市第二十四小学,1
石嘴山市第二小学,1
石嘴山市第五小学,1
惠农区惠农中学,1
石嘴山市惠农区回民学校,1
石嘴山市惠农区尾闸中学,1
石嘴山市第一中学,1
石嘴山市第二中学,1
石嘴山市第十三中学,1
石嘴山市第十中学,1
石嘴山市第十五中学,1
石嘴山市第十六中学,1
石嘴山市第十四中学,1
石嘴山市第四中学,1
东方明珠幼儿园,1
头闸中心幼儿园,1
姚伏中心幼儿园,1
宝丰中心幼儿园,1
小熊猫幼儿园,1
小神龙幼儿园,1
崇岗中心幼儿园,1
星星幼儿园,1
星海花苑幼儿园,1
春蕾幼儿园,2
渠口中心幼儿园,1
灵沙中心幼儿园,1
红蕾幼儿园,1
通伏中心幼儿园,1
金水湖畔幼儿园,1
雨禾幼儿园,1
黄渠桥中心幼儿园,1
宁夏平罗县高庄小学,1
平罗县三棵柳小学,1
平罗县东灵小学,1
平罗县东风小学,1
平罗县五堆子小学,1
平罗县六羊小学,1
平罗县同进小学,1
平罗县吴家湾小学,1
平罗县团结小学,1
平罗县城关二小,1
平罗县城关回民小学,1
平罗县城关第五小学,1
平罗县城关第四小学,1
平罗县城关镇太西二小,1
平罗县城关镇第一小学,1
平罗县太西九年制学校,1
平罗县头闸镇红岗小学,1
平罗县头闸镇西永惠小学,1
平罗县头闸镇邵家桥小学,1
平罗县姚伏小学,1
平罗县宝丰小学,1
平罗县小兴墩小学,1
平罗县崇岗中心学校,1
平罗县惠北小学,1
平罗县惠威小学,1
平罗县新建小学,1
平罗县新村小学,1
平罗县新潮小学,1
平罗县渠中小学,1
平罗县渠口小学,1
平罗县渠口逸夫九年制小学部,1
平罗县福和希望小学,1
平罗县红崖子小学,1
平罗县红阳小学,1
平罗县统一小学,1
平罗县胜利小学,1
平罗县西润小学,1
平罗县西灵小学,1
平罗县许家桥小学,1
平罗县通伏小学,1
平罗县通惠小学,1
平罗县银光小学,1
平罗县陶乐第一小学,1
平罗县陶乐第二小学,1
平罗县马场小学,1
平罗县马家桥小学,1
平罗汝箕沟小学,1
平罗中学,1
平罗县五香九年制学校,1
平罗县周城九年制学校,1
平罗县回民中学,1
平罗县回民高级中学,1
平罗县城关逸夫学校,1
平罗县头闸中学,1
平罗县姚伏中学,1
平罗县宝丰回民初级中学,1
平罗县崇岗九年制学校,1
平罗县汝箕沟中学,1
平罗县渠口九年制学校,1
平罗县第五中学,1
平罗县第六中学,1
平罗县第四中学,1
平罗县陶乐中学,1
平罗县高庄中学,1
平罗县黄渠桥九年制学校,1
沙湖 九年制学校,1
灵沙九年制学校,1
东兴幼儿园,1
东方幼儿园,2
东方幼儿园二园,1
为民幼儿园,1
五星幼儿园,1
依莎回民幼儿园,1
公元世家幼儿园,1
剑桥幼儿园,1
博阳幼儿园,2
同利幼儿园,1
吴配幼儿园,1
小星星幼儿园,2
小精灵幼儿园,1
文化馆幼儿园,1
明珠第二幼儿园,1
梁湾中心幼儿园,1
永昌幼儿园,1
海燕幼儿园,1
爱丁堡幼儿园,1
琴心幼儿园,1
琴涛幼儿园,1
秦渠华苑幼儿园,1
秦韵幼儿园,1
红太阳幼儿园,1
红星幼教中心,1
红黄蓝绿幼儿园,1
花儿朵朵幼稚园,1
蒙特梭利幼儿园,1
金桥幼儿园,1
金积双育幼儿园,1
金积阳光幼儿园,1
金花幼儿园,2
金苹果幼儿园,1
阳光宝宝幼儿园,1
阳光骄子幼儿园,1
吴忠市上桥镇回民小学,1
吴忠市上桥镇牛家坊小学,1
吴忠市上桥镇瓜儿渠小学,1
吴忠市上桥镇罗渠小学,1
吴忠市东塔中心学校,1
吴忠市东塔乡龙一学校,1
吴忠市东塔寺乡第二小学,1
吴忠市东塔寺乡龙二学校,1
吴忠市东塔第三小学,1
吴忠市东塔第五小学,1
吴忠市东塔第四小学,1
吴忠市利通区开元小学,1
吴忠市利通区盛元小学,1
吴忠市利通街第一小学,1
吴忠市利通街第二小学,1
吴忠市古城镇五星小学,1
吴忠市古城镇新区回小,1
吴忠市古城镇新华桥小学,1
吴忠市古城镇秦桥小学,1
吴忠市古城镇金星小学,1
吴忠市孙家滩中心学校,1
吴忠市孙家滩石家窑小学,1
吴忠市孙家滩种畜场小学,1
吴忠市扁担沟第二小学,1
吴忠市扁担沟镇五里坡小学,1
吴忠市扁担沟镇第一小学,1
吴忠市朝阳小学,1
吴忠市板桥乡任桥小学,1
吴忠市板桥乡早元小学,1
吴忠市板桥乡梁湾小学,1
吴忠市板桥乡波浪渠小学,1
吴忠市板桥乡罗家湖小学,1
吴忠市板桥乡高家湖小学,1
吴忠市裕民小学,1
吴忠市郭家桥乡中心学校,1
吴忠市郭家桥乡杨家岔学校,1
吴忠市郭家桥乡苏家滩明德小学,1
吴忠市郭家桥马家大湾小学,1
吴忠市金积镇丁家湾回小,1
吴忠市金积镇中心学校,1
吴忠市金积镇关渠小学,1
吴忠市金积镇回民小学,1
吴忠市金积镇塔湾小学,1
吴忠市金积镇大庙桥小学,1
吴忠市金积镇油粮桥小学,1
吴忠市金积镇田桥小学,1
吴忠市金积镇秦坝关小学,1
吴忠市金积镇高田小学,1
吴忠市金积镇黎花桥小学,1
吴忠市金银滩镇东湾小学,1
吴忠市金银滩镇四支渠小学,1
吴忠市金银滩镇团庄小学,1
吴忠市金银滩镇园艺场小学,1
吴忠市金银滩镇杨马湖小学,1
吴忠市金银滩镇沟台小学,1
吴忠市金银滩镇西滩小学,1
吴忠市金银滩镇跃进桥小学,1
吴忠市马莲渠乡中心学校,1
吴忠市马莲渠乡巴浪湖回民小学,1
吴忠市马莲渠乡巴浪湖小学,1
吴忠市马莲渠乡杨渠小学,1
吴忠市马莲渠乡柴桥明德小学,1
吴忠市马莲渠乡汉北堡小学,1
吴忠市马莲渠乡陈木闸小学,1
吴忠市高闸镇侯桥小学,1
吴忠市高闸镇周闸小学,1
吴忠市高闸镇朱渠小学,1
吴忠市高闸镇李桥小学,1
吴忠市高闸镇郭桥小学,1
吴忠市高闸镇韩桥小学,1
吴忠市高闸镇高糜湾小学,1
板桥乡中心学校,1
利通区金银滩学校,1
吴忠中学,1
吴忠市回民中学,1
吴忠市扁担沟镇中心学校,1
吴忠市扁担沟镇黄沙窝学校,1
吴忠市板桥乡中学,1
吴忠市板桥乡早元中学,1
吴忠市第一中学,1
吴忠市第三中学,1
吴忠市第二中学,1
吴忠市第五中学,1
吴忠市第八中,1
吴忠市第四中学,1
吴忠市郭家桥乡郭家桥中学,1
吴忠市金积镇秦渠中学,1
吴忠市金积镇马家湖中学,1
吴忠市金银滩镇中心学校,1
吴忠市马莲渠乡中学,1
吴忠市马莲渠乡汉渠学校,1
吴忠市高闸镇中心学校,1
吴忠市高闸镇高闸中学,1
吴忠高级中学,1
买河幼儿园,1
南川立博幼儿园,1
小天鹅幼儿园,1
小燕子幼儿园,2
小白鸽幼儿园,1
弘德一幼,1
弘阳幼儿园,1
慧玲幼儿园,1
星辰幼儿园,1
玉池幼儿园,1
红寺堡镇多哈爱心幼儿园,1
菊花台幼儿园,1
金星幼儿园,1
雨丝幼儿园,1
南川乡东川小学,1
南川乡中川小学,1
南川乡南角湾小学,1
南川乡双台小学,1
南川乡奕龙小学,1
南川乡康庄小学,1
南川乡新一村小学,1
南川乡新台小学,1
南川乡杨柳小学,1
南川乡沙草墩小学,1
南川乡洪沟滩小学,1
南川乡白敦小学,1
南川乡红阳小学,1
南川乡西川小学,1
南川乡高口小学,1
大河乡中心小学,1
大河乡乌沙塘小学,1
大河乡官店小学,1
大河乡平岭子小学,1
大河乡石坡子小学,1
大河乡石炭沟小学,1
大河乡第一小学,1
大河乡第七小学,1
大河乡第九小学,1
大河乡第二小学,1
大河乡第五小学,1
大河乡第八小学,1
大河乡第六小学,1
大河乡第十小学,1
大河乡第四小学,1
太阳山镇东泉小学,1
太阳山镇中心小学,1
太阳山镇买河小学,1
太阳山镇塘坊小学,1
太阳山镇太阳山小学,1
太阳山镇巴庄小学,1
太阳山镇新泉小学,1
太阳山镇旧城小学,1
太阳山镇李敬中小学,1
太阳山镇柳泉小学,1
太阳山镇永泉小学,1
太阳山镇泉子湾小学,1
太阳山镇灌区第三小学,1
太阳山镇灌区第二小学,1
太阳山镇甜水河小学,1
太阳山镇白塔水小学,1
太阳山镇红塔小学,1
太阳山镇红崖湾小学,1
太阳山镇红沙窝小学,1
太阳山镇羊坊滩小学,1
太阳山镇裕华一小,1
太阳山镇裕华二小,1
太阳山镇豹子滩小学,1
太阳山镇黄羊滩小学,1
红寺堡区回民小学,1
红寺堡小学,1
红寺堡第二小学,1
红寺堡镇上源小学,1
红寺堡镇东源小学,1
红寺堡镇中圈塘小学,1
红寺堡镇中心小学,1
红寺堡镇光彩小学,1
红寺堡镇回民小学,1
红寺堡镇富康小学,1
红寺堡镇朝阳小学,1
红寺堡镇玉池小学,1
红寺堡镇第一小学,1
红寺堡镇第七小学,1
红寺堡镇第三小学,1
红寺堡镇第二小学,1
红寺堡镇第八小学,1
红寺堡中学,1
红寺堡区回民初级中学,1
红寺堡区第三中学,1
红寺堡第二中学,1
盐池县启航幼儿园,1
盐池县星辰幼儿园,1
盐池县星阳幼儿园,1
盐池县艺术幼儿园,1
盐池县冯记沟乡中心小学,1
盐池县冯记沟乡井沟小学,1
盐池县冯记沟乡平台小学,1
盐池县冯记沟乡强记滩小学,1
盐池县冯记沟乡暴记春小学,1
盐池县冯记沟乡汪水塘小学,1
盐池县冯记沟乡牛记口子小学,1
盐池县冯记沟乡马儿庄小学,1
盐池县大水坑第一小学,1
盐池县大水坑第二小学,1
盐池县大水坑镇新桥小学,1
盐池县惠安堡镇中心小学,1
盐池县惠安堡镇小庄子小学,1
盐池县惠安堡镇杏树梁小学,1
盐池县惠安堡镇灌区第一小学,1
盐池县惠安堡镇萌城小学,1
盐池县惠安堡镇西宁堡小学,1
盐池县王乐井中心小学,1
盐池县王乐井乡刘四渠小学,1
盐池县王乐井乡孙家楼小学,1
盐池县王乐井乡官滩小学,1
盐池县王乐井乡曽记畔小学,1
盐池县王乐井乡牛记圈小学,1
盐池县王乐井乡狼洞沟小学,1
盐池县王乐井乡王吾岔小学,1
盐池县王乐井乡石山子小学,1
盐池县王乐井乡郑记堡小学,1
盐池县王乐井乡野湖井小学,1
盐池县王乐井乡鸦儿沟小学,1
盐池县第一小学,1
盐池县第三小学,1
盐池县第五小学,1
盐池县第四小学,1
盐池县花马池镇东郭庄教学点,1
盐池县花马池镇佟记圈小学,1
盐池县花马池镇八堡教学点,1
盐池县花马池镇四墩子小学,1
盐池县花马池镇城西滩小学,1
盐池县花马池镇拥军路小学,1
盐池县花马池镇机井小学,1
盐池县花马池镇柳杨堡小学,1
盐池县花马池镇田记掌小学,1
盐池县花马池镇福盐小学,1
盐池县花马池镇苏步井教学点,1
盐池县花马池镇郭记沟小学,1
盐池县长城希望小学,1
盐池县青山乡旺四滩小学,1
盐池县青山乡月儿泉小学,1
盐池县青山乡猫头梁小学,1
盐池县高沙窝镇中心小学,1
盐池县高沙窝镇二步坑小学,1
盐池县高沙窝镇施记圈小学,1
盐池县高沙窝镇李庄子小学,1
盐池县高沙窝镇禹记圈小学,1
盐池县麻黄山中心小学,1
盐池县麻黄山乡下高窑小学,1
盐池县麻黄山乡前塬小学,1
盐池县麻黄山乡后洼小学,1
盐池县麻黄山乡李新庄小学,1
盐池县麻黄山乡松记水小学,1
盐池县麻黄山乡沙崾岘小学,1
盐池县麻黄山乡管记掌小学,1
盐池县冯记沟乡回民初级中学,1
盐池县实验中学,1
盐池县惠安堡镇初级中学,1
盐池县第一中学,1
盐池县第三中学,1
盐池县第五中学,1
盐池县第四中学,1
盐池县青山九年制学校,1
盐池县高沙窝镇初级中学,1
盐池县麻黄山乡初级中学,1
盐池高级中学,1
同心县下马关镇三山井幼儿园,1
同心县新区幼儿园,1
同心县河西镇中阿幼儿园,1
同心县河西镇同德幼儿园,1
同心县河西镇新星幼儿园,1
同心县河西镇纪家幼儿园,1
同心县王团镇博爱幼儿园,1
同心县石狮沙嘴城幼儿园,1
同心县石狮童之梦幼儿园,1
同心县第二幼儿园,1
同心县豫海镇家家乐幼儿园,2
同心县豫海镇新月幼儿园,1
同心县豫海镇森淼幼儿园,1
同心县豫海镇贝贝乐幼儿园,1
同心县韦州镇博阳幼儿园,1
同心县韦州镇庆华社区幼儿园,1
同心县韦州镇星海民族幼儿园,1
同心县韦州镇民族幼儿园,1
同心县韦州镇爱心幼儿园,1
同心县韦州镇阳光幼儿园,1
同心县预旺镇中心幼儿园,1
同心县预旺镇小太阳幼儿园,1
同心县丁塘镇中心完全小学,1
同心县丁塘镇八方完全小学,1
同心县丁塘镇华路坡小学,1
同心县丁塘镇吴河湾完全小学,1
同心县丁塘镇回民完全小学,1
同心县丁塘镇小山完全小学,1
同心县丁塘镇张嘴子小学,1
同心县丁塘镇张滩完全小学,1
同心县丁塘镇新庄完全小学,1
同心县丁塘镇李岗完全小学,1
同心县丁塘镇杨塘完全小学,1
同心县丁塘镇杨河湾完全小学,1
同心县丁塘镇河草沟完全小学,1
同心县丁塘镇湾段头希望小学,1
同心县丁塘镇甘湾沟完全小学,1
同心县丁塘镇窑岗完全小学,1
同心县丁塘镇长沟完全小学,1
同心县下马关中心学校三山井教学点,1
同心县下马关中心学校中心 小学,1
同心县下马关中心学校刘家滩小学,1
同心县下马关中心学校回民小学,1
同心县下马关中心学校池家峁小学,1
同心县下马关中心学校王古窑小学,1
同心县下马关中心学校申家滩小学,1
同心县下马关中心学校白家滩小学,1
同心县下马关中心学校白崖子教学点,1
同心县下马关中心学校瞭马山小学,1
同心县下马关中心学校窖坑子小学,1
同心县下马关中心学校赵家庙小学,1
同心县下马关中心学校陈儿庄小学,1
同心县下马关中心学校靳儿庄小学,1
同心县下马关中心学校魏儿庄民生小学,1
同心县兴隆乡冯川小学,1
同心县兴隆乡尖脑教学点,1
同心县兴隆乡新生小学,1
同心县兴隆乡李堡小学,1
同心县兴隆乡王团小学,1
同心县兴隆乡王大套小学,1
同心县兴隆乡肖口小学,1
同心县兴隆乡西山洼小学,1
同心县兴隆乡黄谷小学,1
同心县实验小学,1
同心县河西镇丁家二沟完全小学,1
同心县河西镇下河湾小学,1
同心县河西镇中心学校新村小学,1
同心县河西镇中心完小,1
同心县河西镇农场完全小学,1
同心县河西镇大洪沟完全小学,1
同心县河西镇建新学校,1
同心县河西镇新华小学,1
同心县河西镇春蕾小学,1
同心县河西镇朝阳小学,1
同心县河西镇李家村菊花台教学点,1
同心县河西镇李家沟小学,1
同心县河西镇李沿子学校,1
同心县河西镇杨河套子完小,1
同心县河西镇桃山完小,1
同心县河西镇桃山教学点,1
同心县河西镇红旗小学,1
同心县河西镇纪家学校,1
同心县河西镇艾村学校,1
同心县河西镇苦水泉子学校,1
同心县河西镇马家河湾小学,1
同心县河西镇鸦嘴小学,1
同心县王团镇东滩小学,1
同心县王团镇亚尔玛学校,1
同心县王团镇倒墩子小学,1
同心县王团镇前红奕龙希望小学,1
同心县王团镇可华小学,1
同心县王团镇吊堡小学,1
同心县王团镇堡子掌学校,1
同心县王团镇大沟沿小学,1
同心县王团镇奕龙小学(中心小学),1
同心县王团镇张二水学校,1
同心县王团镇张家湾立邦希望小学,1
同心县王团镇新堡小学,1
同心县王团镇沟南学校,1
同心县王团镇海子学校,1
同心县王团镇甘草掌小学,1
同心县王团镇石嘴子学校,1
同心县王团镇红阳洼学校,1
同心县王团镇罗台小学,1
同心县王团镇罗河湾玉湖小学,1
同心县王团镇联合小学,1
同心县王团镇胡麻其学校,1
同心县王团镇蔡家沟学校,1
同心县王团镇蔡家滩小学,1
同心县王团镇虎家湾小学,1
同心县王团镇谷金小学,1
同心县王团镇金地台小学,1
同心县王团镇金石台学校,1
同心县王团镇马套子学校,1
同心县王团镇马家洼子小学,1
同心县王团镇马河湾学校,1
同心县王团镇黄草岭学校,1
同心县田老庄乡岳家川小学,1
同心县田老庄乡白家湾小学,1
同心县田老庄乡胡庄小学,1
同心县田老庄乡解放新庄小学,1
同心县田老庄乡马井小学,1
同心县石狮惠安兴隆完全小学,1
同心县石狮惠安完全小学,1
同心县石狮沙嘴城完全小学,1
同心县石狮沙嘴城教学点,1
同心县石狮沙沿完全小学,1
同心县石狮管委会余家梁完全小学,1
同心县石狮管委会砚台完全小学,1
同心县石狮闽宁完全小学,1
同心县石狮黑套完全小学,1
同心县窑山管委会中心完全小学,1
同心县窑山管委会套塘小学,1
同心县窑山管委会崾岘小学,1
同心县窑山管委会李家山小学,1
同心县窑山管委会深沟完全小学,1
同心县窑山管委会马庄子小学,1
同心县窰山管委会五道岭子完全小学,1
同心县第一小学,1
同心县第三小学,1
同心县第二小学,1
同心县第五小学,1
同心县第四小学,1
同心县豫旺镇上垣完全小学,1
同心县豫旺镇中心完全小学,1
同心县豫旺镇北垣完全小学,1
同心县豫旺镇南垣完全小学,1
同心县豫旺镇土峰完全小学,1
同心县豫旺镇郭阳洼完全小学,1
同心县豫海镇兴隆小学,1
同心县豫海镇石岗学校,1
同心县韦州镇中心完全小学,1
同心县韦州镇停沟教学点,1
同心县韦州镇回民完全小学,1
同心县韦州镇女子完全小学,1
同心县韦州镇旧庄完全小学,1
同心县韦州镇河湾完全小学,1
同心县韦州镇甘沟完全小学,1
同心县韦州镇韦一（3）教学点,1
同心县韦州镇马庄完全小学,1
同心县预旺镇下芦沟小学,1
同心县预旺镇井湾子小学,1
同心县预旺镇刘家湾小学,1
同心县预旺镇土涝子小学,1
同心县预旺镇孙石庄小学,1
同心县预旺镇尖疙瘩学校,1
同心县预旺镇张家树小学,1
同心县预旺镇扁包川小学,1
同心县预旺镇李岗子小学,1
同心县预旺镇李庄小学,1
同心县预旺镇李洼子小学,1
同心县预旺镇柳树堡小学,1
同心县预旺镇沈家湾小学,1
同心县预旺镇沙土坡小学,1
同心县预旺镇王涝坝小学,1
同心县预旺镇白崖子小学,1
同心县预旺镇胡堡子小学,1
同心县预旺镇邓家庄小学,1
同心县预旺镇陈石塘小学,1
同心县预旺镇青羊泉小学,1
同心县预旺镇靳家塬小学,1
同心县预旺镇马崖腰小学,1
同心县预旺镇马新庄小学,1
同心县预旺镇魏家岔小学,1
同心县预旺镇黄羊湾小学,1
同心县马高庄乡乔湾小学,1
同心县马高庄乡何渠完小,1
同心县马高庄乡刘庙小学,1
同心县马高庄乡套子滩小学,1
同心县马高庄乡毛家墩教学点,1
同心县马高庄乡沙滩教学点,1
同心县马高庄乡沟滩完小,1
同心县马高庄乡王团教学点,1
同心县马高庄乡白阴洼小学,1
同心县马高庄乡赵家树小学,1
同心县马高庄乡邱渠完小,1
张家塬乡中心完全小学,1
张家塬乡刘湾子完小,1
张家塬乡回民完小,1
张家塬乡张家山小学,1
张家塬乡折腰沟完小,1
张家塬乡新庒滩小学,1
张家塬乡新建完小,1
张家塬乡油坊趟小学,1
张家塬乡海棠湖完小,1
张家塬乡石家庄小学,1
张家塬乡陈家台完小,1
张家塬乡驼骆崾岘小学,1
张家塬乡麻义川小学,1
豫海鎮张套小学,1
同心中学,1
同心县丁塘镇中学,1
同心县丁塘镇城关中学,1
同心县下马关中学,1
同心县下马关中心学校红城水一贯制学校,1
同心县兴隆乡中学,1
同心县回民中学,1
同心县张家塬乡中学,1
同心县河西镇中学,1
同心县河西镇纪家九年一贯制学校,1
同心县海如女子中学,1
同心县王团中学,1
同心县王团镇羊路九年一贯制学校,1
同心县田老庄乡九年一贯制学校,1
同心县石狮中学,1
同心县第三中学,1
同心县第二中学,1
同心县第五中学,1
同心县韦州中学,1
同心县马高庄乡九年一贯制学校,1
张家塬乡汪家塬九年一贯制学校,1
豫海回民中学,1
三棵树幼儿园,1
乐乐幼儿园,1
亲亲幼儿园,1
启星幼儿园,1
好孩子幼儿园,1
小叮当幼儿园,1
峡光幼儿园,1
康乐幼儿园,1
滨河幼儿园,1
育才幼儿园,2
邵岗幼儿园,1
龙海幼儿园,1
宁回盐池县青山乡营盘台小学,1
青铜峡市三棵树小学,1
青铜峡市三趟墩小学,1
青铜峡市上滩小学,1
青铜峡市下桥小学,1
青铜峡市中滩中心小学,1
青铜峡市五道渠小学,1
青铜峡市任桥回民小学,1
青铜峡市余桥中心小学,1
青铜峡市先锋小学,1
青铜峡市光辉中心小学,1
青铜峡市刘庙小学,1
青铜峡市南庄小学,1
青铜峡市友好小学,1
青铜峡市友谊小学,1
青铜峡市叶升中心小学,1
青铜峡市叶升第三小学,1
青铜峡市叶升第二小学,1
青铜峡市唐滩小学,1
青铜峡市地三小学,1
青铜峡市培红小学,1
青铜峡市大坝中心小学,1
青铜峡市大沟小学,1
青铜峡市富裕小学,1
青铜峡市尚桥小学,1
青铜峡市巴闸小学,1
青铜峡市广武中心小学,1
青铜峡市广武生态移民小学,1
青铜峡市新林小学,1
青铜峡市新桥中心小学,1
青铜峡市新田小学,1
青铜峡市时坊小学,1
青铜峡市朝阳小学,1
青铜峡市条滩小学,1
青铜峡市杨滩小学,1
青铜峡市林皋小学,1
青铜峡市毛桥小学,1
青铜峡市永丰小学,1
青铜峡市汉坝小学,1
青铜峡市汉渠民兴小学,1
青铜峡市沃沙小学,1
青铜峡市沈闸中心小学,1
青铜峡市沙庙小学,1
青铜峡市河西中心学校,1
青铜峡市河西口小学,1
青铜峡市河西小学,1
青铜峡市玉南小学,1
青铜峡市玉泉小学,1
青铜峡市玉西小学,1
青铜峡市王老滩小学,1
青铜峡市瞿靖小学,1
青铜峡市第三小学,1
青铜峡市第二小学,1
青铜峡市第五小学,1
青铜峡市第四小学,1
青铜峡市红星中心小学,1
青铜峡市蒋东小学,1
青铜峡市蒋南小学,1
青铜峡市蒋顶小学,1
青铜峡市西滩小学,1
青铜峡市谭桥小学,1
青铜峡市跃进小学,1
青铜峡市连湖小学,1
青铜峡市邵刚中心小学,1
青铜峡市邵南小学,1
青铜峡市郝渠小学,1
青铜峡市银光小学,1
青铜峡市陈袁滩小学,1
青铜峡市高桥小学,1
青铜峡市鲍家滩小学,1
青铜峡市叶升中学,1
青铜峡市回民中学,1
青铜峡市大坝中学,1
青铜峡市大坝电厂学校,1
青铜峡市甘城子中心学校,1
青铜峡市第一中学,1
青铜峡市第三中学,1
青铜峡市第二中学,1
青铜峡市第五中学,1
青铜峡市第六中学,1
青铜峡市第四中学,1
青铜峡市邵刚中学,1
青铜峡市铝业学校,1
青铜峡市陈袁滩中学,1
青铜峡市高级中学,1
东海幼儿园,1
新星艺术幼儿园,1
童辉幼儿园,1
五原中学,1
弘文中学,1
1+1幼儿园,1
三营启蒙幼儿园,1
三营小阳光幼儿园,1
三营春蕾幼儿园,1
三营春蕾穆斯林幼儿园,1
三营百花幼儿园,1
中河玉赤幼儿园,1
五福娃幼儿园,1
全人幼儿园,1
六盘山幼儿园,1
喜洋洋幼儿园,2
培新幼儿园,1
天天学府幼儿园,1
头营睿思源幼儿园,1
头营蓝天幼儿园,1
宝贝家幼儿园,1
新星幼儿园,1
星乐幼儿园,1
星光贝贝幼儿园,1
景园人杰幼儿园,1
智慧树幼儿园,2
树人幼儿园,1
梦飞翔幼儿园,1
海宝楼幼儿园,1
海贝儿幼儿园,1
火车头幼儿园,1
童星园幼儿园,1
红孩子幼儿园,1
翰林苑幼儿园,1
育才园幼儿园,1
育苗园幼儿园,1
英才幼儿园,2
菁菁幼儿园,1
西城幼儿园,1
金华幼儿园,1
金海园幼儿园,1
阿波罗幼儿园,1
雨虹幼儿园,1
黄铎堡铁沟一幼,1
黄铎堡陈庄幼儿园,1
乔洼小学,1
什里小学,1
共和小学,1
原州区张易镇三湾小学,1
原州区张易镇上滩小学,1
原州区张易镇上马泉小学,1
原州区张易镇宋洼小学,1
原州区张易镇榆树教学点,1
原州区张易镇毛套小学,1
原州区张易镇王套小学,1
原州区张易镇田堡小学,1
原州区张易镇盐泥小学,1
原州区张易镇石咀小学,1
原州区张易镇红庄小学,1
原州区张易镇贺套小学,1
原州区张易镇闫关小学,1
原州区张易镇陈沟小学,1
原州区张易镇陈沟村沙河教学点,1
原州区张易镇驼巷小学,1
原州区张易镇黄堡小学,1
原州区张易镇黄湾小学,1
原州区张易镇黎套小学,1
原州区火车头希望小学（第十小学）,1
固原市原州区三营镇东塬小学,1
固原市原州区三营镇代堡小学,1
固原市原州区三营镇何家沟小学,1
固原市原州区三营镇候家掌小学,1
固原市原州区三营镇北庄小学,1
固原市原州区三营镇唐湾小学,1
固原市原州区三营镇孙家河小学,1
固原市原州区三营镇寄宿制回民小学,1
固原市原州区三营镇张家山小学,1
固原市原州区三营镇曹堡小学,1
固原市原州区三营镇水沟教学点,1
固原市原州区三营镇海淌小学,1
固原市原州区三营镇甘沟小学,1
固原市原州区三营镇白河小学,1
固原市原州区三营镇第一小学,1
固原市原州区三营镇第二小学,1
固原市原州区三营镇羊圈堡小学,1
固原市原州区三营镇老三营小学,1
固原市原州区三营镇老庄小学,1
固原市原州区三营镇西台小学,1
固原市原州区三营镇赵寺小学,1
固原市原州区三营镇金堡小学,1
固原市原州区三营镇马庄小学,1
固原市原州区三营镇马路小学,1
固原市原州区三营镇鸦儿沟小学,1
固原市原州区三营镇黄湾小学,1
固原市原州区三营镇黄铎堡小学,1
固原市原州区东郊小学,1
固原市原州区中河乡上店小学,1
固原市原州区中河乡中河小学,1
固原市原州区中河乡丰堡小学,1
固原市原州区中河乡包堡小学,1
固原市原州区中河乡大路沟教学点,1
固原市原州区中河乡小沟小学,1
固原市原州区中河乡庙湾小学,1
固原市原州区中河乡曹河小学,1
固原市原州区中河乡油坊小学,1
固原市原州区中河乡硝口小学,1
固原市原州区中河乡红崖小学,1
固原市原州区中河乡红沟小学,1
固原市原州区中河乡红沟门教学点,1
固原市原州区中河乡高坡小学,1
固原市原州区中河乡黄沟小学,1
固原市原州区同仁回民小学,1
固原市原州区城关第九小学,1
固原市原州区城关第二小学,1
固原市原州区城关第四小学,1
固原市原州区头营镇三岔小学,1
固原市原州区头营镇二营小学,1
固原市原州区头营镇冯洼小学,1
固原市原州区头营镇南塬小学,1
固原市原州区头营镇南屯小学,1
固原市原州区头营镇吴庄小学,1
固原市原州区头营镇坪乐小学,1
固原市原州区头营镇大北山小学,1
固原市原州区头营镇大疙瘩小学,1
固原市原州区头营镇头营小学,1
固原市原州区头营镇张崖小学,1
固原市原州区头营镇徐河小学,1
固原市原州区头营镇杨庄小学,1
固原市原州区头营镇杨河小学,1
固原市原州区头营镇杨郎小学,1
固原市原州区头营镇沈河小学,1
固原市原州区头营镇石桥小学,1
固原市原州区头营镇石羊小学,1
固原市原州区头营镇穆滩小学,1
固原市原州区头营镇胡大堡小学,1
固原市原州区头营镇铁沟小学,1
固原市原州区头营镇陈庄小学,1
固原市原州区头营镇马庄小学,1
固原市原州区头营镇马店小学,1
固原市原州区官厅乡刘店小学,1
固原市原州区官厅乡后山小学,1
固原市原州区官厅乡后川小学,1
固原市原州区官厅乡大岔村小学,1
固原市原州区官厅乡大岔村鸦儿川 小学,1
固原市原州区官厅乡高庄小学,1
固原市原州区寨科乡中川小学,1
固原市原州区寨科乡刘沟小学,1
固原市原州区寨科乡北淌小学,1
固原市原州区寨科乡吕套小学,1
固原市原州区寨科乡大台小学,1
固原市原州区寨科乡教场小学,1
固原市原州区寨科乡新淌小学,1
固原市原州区寨科乡李岔小学,1
固原市原州区寨科乡湾掌小学,1
固原市原州区寨科乡营畔小学,1
固原市原州区寨科乡蔡川小学,1
固原市原州区寨科乡蔡川教学点,1
固原市原州区寨科乡长壕小学,1
固原市原州区寨科乡阳井沟教学点,1
固原市原州区寨科乡马渠小学,1
固原市原州区寨科小学,1
固原市原州区开城小学,1
固原市原州区开城镇三十里铺小学,1
固原市原州区开城镇二十里铺小学,1
固原市原州区开城镇冯庄小学,1
固原市原州区开城镇双泉小学,1
固原市原州区开城镇史磨小学,1
固原市原州区开城镇吕庄小学,1
固原市原州区开城镇吴庄小学,1
固原市原州区开城镇大马庄小学,1
固原市原州区开城镇寇庄小学,1
固原市原州区开城镇小马庄小学,1
固原市原州区开城镇张庄小学,1
固原市原州区开城镇彭庄小学,1
固原市原州区开城镇杨山小学,1
固原市原州区开城镇柯庄小学,1
固原市原州区开城镇深沟小学,1
固原市原州区开城镇羊坊小学,1
固原市原州区开城镇郭庙小学,1
固原市原州区开城镇青石小学,1
固原市原州区开城镇马场小学,1
固原市原州区开城镇黑刺沟小学,1
固原市原州区张易镇南湾小学,1
固原市原州区张易镇大店小学,1
固原市原州区张易镇张易小学,1
固原市原州区张易镇毛庄小学,1
固原市原州区张易镇马场小学,1
固原市原州区彭堡镇别庄教学点,1
固原市原州区彭堡镇吴磨小学,1
固原市原州区彭堡镇姚磨小学,1
固原市原州区彭堡镇彭堡小学,1
固原市原州区彭堡镇撒门小学,1
固原市原州区彭堡镇曹洼小学,1
固原市原州区彭堡镇杨忠堡小学,1
固原市原州区彭堡镇河东小学,1
固原市原州区彭堡镇申庄小学,1
固原市原州区彭堡镇石碑小学,1
固原市原州区彭堡镇硝沟小学,1
固原市原州区彭堡镇臭水沟小学,1
固原市原州区彭堡镇臭水沟村马东山教学点,1
固原市原州区彭堡镇闫堡小学,1
固原市原州区河川乡上台小学,1
固原市原州区河川乡上坪小学,1
固原市原州区河川乡上黄小学,1
固原市原州区河川乡寨洼小学,1
固原市原州区河川乡店河小学,1
固原市原州区河川乡康沟小学,1
固原市原州区河川乡母家沟小学,1
固原市原州区河川乡母家沟村马洼教学点,1
固原市原州区河川乡河川小学,1
固原市原州区河川乡海坪小学,1
固原市原州区河川乡骆驼河小学,1
固原市原州区河川乡黄河小学,1
固原市原州区炭山乡千石小学,1
固原市原州区炭山乡南坪小学,1
固原市原州区炭山乡古湾小学,1
固原市原州区炭山乡古湾村西湾教学点,1
固原市原州区炭山乡张套小学,1
固原市原州区炭山乡新山小学,1
固原市原州区炭山乡新山村泉掌教学点,1
固原市原州区炭山乡炭山小学,1
固原市原州区炭山乡石湾小学,1
固原市原州区炭山乡红沟小学,1
固原市原州区炭山乡红沟村北山教学点,1
固原市原州区炭山乡红沟村张湾教学点,1
固原市原州区炭山乡高台小学,1
固原市原州区第五小学,1
固原市原州区第六小学,1
固原市原州区逸夫小学,1
固原市民族师范附属小学,1
固原市特殊教育中心,1
固原市第十三小学,1
固原市铁路小学,1
大堡小学,1
庙台小学,1
张洪小学,1
明庄小学,1
李岔小学,1
水泉小学,1
沙窝小学,1
石庄小学,1
西关小学,1
长城小学,2
阳洼小学,2
高坊坪小学,1
高红小学,1
固原市五原中学,1
固原市原州区三营中学,1
固原市原州区三营镇黄铎堡中学,1
固原市原州区中河中学,1
固原市原州区头营镇头营中学,1
固原市原州区头营镇杨郎中学,1
固原市原州区官厅九年一贯制学校,1
固原市原州区开城中学,1
固原市原州区张易中学,1
固原市原州区张易镇红庄中学,1
固原市原州区彭堡中学,1
固原市原州区河川中学,1
固原市原州区炭山中学,1
固原市原州区第六中学,1
固原市原州区第四中学,1
固原市原州区逸挥基金中学,1
固原市回民中学,1
固原市弘文中学,1
固原市第七中学,1
固原市第二中学,1
宁夏回族自治区固原一中,1
宁夏固原市原州区第五中学,1
寨科中学,1
三联小学,1
上梁小学,1
上齐小学,1
下湾小学,1
东光小学,1
于河小学,1
五龙 小学,1
倪套小学,1
前庄小学,1
剡坪小学,1
卜岔小学,1
大湾小学,1
太联小学,1
姚套初小,1
姚套小学,1
孙湾小学,1
崔家湾小学,1
巩龙小学,1
张时小学,1
张楼小学,1
恒光小学,1
新化小学,1
李哈拉小学,1
李士小学,1
李白玉小学,1
杨磨小学,1
桃园小学,1
桃联小学,1
沙塘镇东湾小学,1
沙塘镇中心小学,1
沙塘镇中林小学,1
沙塘镇光联小学,1
沙塘镇十八里小学,1
沙塘镇张树小学,1
沙塘镇新民小学,1
沙塘镇董庄小学,1
沙塘镇西湾小学,1
沙塘镇许沟小学,1
沙塘镇锦华小学,1
沙塘镇锦屏小学,1
沙塘镇马家河小学,1
沙塘镇魏李小学,1
牛家湾小学,1
玉湾小学,1
王家庄小学,1
王家湾小学,1
红堡小学,1
联合小学,1
联财中心小学,1
胡家湾小学,1
薛岔小学,1
西坪小学,1
赵北孝小学,1
赵楼小学,1
金台小学,1
陈靳乡何槐小学,1
陈靳乡新兴小学,1
陈靳乡新和小学,1
陈靳乡民联小学,1
隆德县凤岭乡冯碑小学,1
隆德县城关一小,1
隆德县城关三小,1
隆德县城关镇三合小学,1
隆德县城关镇中心小学,1
隆德县城关镇南河小学,1
隆德县城关镇吴山小学,1
隆德县城关镇嘴头小学,1
隆德县城关镇新华小学,1
隆德县城关镇王辛小学,1
隆德县城关镇邓山小学,1
隆德县奠安乡丁家小学,1
隆德县奠安乡中心小学,1
隆德县奠安乡党沟小学,1
隆德县奠安乡梁堡小学,1
隆德县奠安乡海子小学,1
隆德县奠安乡闫庙小学,1
隆德县奠安乡雷王小学,1
隆德县奠安乡马湾小学,1
隆德县好水乡三星小学,1
隆德县好水乡中台小学,1
隆德县好水乡后海小学,1
隆德县好水乡庙湾小学,1
隆德县好水乡水磨小学,1
隆德县好水乡永丰小学,1
隆德县好水乡红星小学,1
隆德县山河乡中心小学,1
隆德县山河乡二滩小学,1
隆德县山河乡王庄小学,1
隆德县山河乡石碑小学,1
隆德县山河乡菜子川小学,1
隆德县张程乡杨元小学,1
隆德县张程小学,1
隆德县杨河乡上岔小学,1
隆德县杨河乡中岔小学,1
隆德县杨河乡中心小学,1
隆德县杨河乡串河小学,1
隆德县杨河乡岔口小学,1
隆德县杨河乡张沟小学,1
隆德县杨河乡民权小学,1
隆德县杨河乡牛河小学,1
隆德县杨河乡范湾小学,1
隆德县温堡乡中心小学,1
隆德县温堡乡前进小学,1
隆德县温堡乡后刘小学,1
隆德县温堡乡吕梁小学,1
隆德县温堡乡吴沟小学,1
隆德县温堡乡大麦沟小学,1
隆德县温堡乡张德明小学,1
隆德县温堡乡新庄小学,1
隆德县温堡乡杜川小学,1
隆德县温堡乡杨坡小学,1
隆德县温堡乡杨堡小学,1
隆德县温堡乡温堡小学,1
隆德县温堡乡田柳沙小学,1
隆德县神林乡上岔小学,1
隆德县神林乡双村小学,1
隆德县神林乡岳村小学,1
隆德县神林乡庞庄小学,1
隆德县神林乡杨野河小学,1
隆德县神林乡桃李小学,1
隆德县神林乡神林小学,1
隆德县神林乡观音小学,1
隆德县神林乡辛平小学,1
隆德县神林乡阴屲小学,1
隆德县观乡庄中心小学,1
隆德县陈靳乡中心小学,1
隆德城关镇七里小学,1
马儿岔小学,1
魏沟小学,1
隆德县中学,1
隆德县凤岭中学,1
隆德县城关镇九年一贯制学校,1
隆德县城关镇峰台九年制,1
隆德县奠安乡中学,1
隆德县奠安乡杨沟九年制学校,1
隆德县好水中学,1
隆德县山河中学,1
隆德县山河乡崇安九年制校(小学部),1
隆德县张程中学,1
隆德县杨河中学`,1
隆德县桃山九年制学校,1
隆德县沙塘中学,1
隆德县温堡乡中学,1
隆德县温堡乡桃山九年制学校,1
隆德县神林中学,1
隆德县第三中学,1
隆德县第二中学,1
隆德县联财中学,1
隆德县观堡九制学校,1
隆德县观庄中学,1
隆德县陈靳中学,1
苗苗幼儿园,2
古城镇育英幼儿园,1
彭阳县博雅幼儿园,1
彭阳县春蕾幼儿园,1
茹河幼儿园,1
丁岗堡小学,1
上蔡小学,1
上马洼小学,1
中川小学,1
乃河小学,1
交岔乡东洼教学点,1
交岔乡中心学校,1
交岔乡保阳小学,1
交岔乡关口小学,1
交岔乡关台初小,1
交岔乡前窝小学,1
交岔乡大坪小学,1
交岔乡庙庄小学,1
交岔乡王区初小,1
任何希望小学,1
何山小学,1
党阳洼教学点,1
刘沟门小学,1
刘河小学,1
北塬小学,1
南台小学,1
古城镇中心学校,1
古城镇五里小学,1
古城镇西沟教学点,1
古城镇高山教学点,1
后峡初小,1
周庄小学,1
城阳乡中心小学,1
大火小学,1
太寺小学,1
姚河小学,1
孟塬乡中心学校,1
孟塬乡何岘小学,1
孟塬乡双树小学,1
孟塬乡小石沟小学,1
孟塬乡椿树岔小学,1
孟塬乡牛塬小学,1
孟塬乡玉塬小学,1
孟塬乡草滩小学,1
孟塬乡虎山庄小学,1
孟塬乡赵山庄小学,1
孟塬乡高岔小学,1
小岔沟小学,1
店洼小学,1
张化小学,1
张湾民小,1
彭阳县冯庄乡上湾小学,1
彭阳县冯庄乡孙湾小学,1
彭阳县冯庄乡小园小学,1
彭阳县冯庄乡小园村王岔小学,1
彭阳县冯庄乡小寺小学,1
彭阳县冯庄乡小湾小学,1
彭阳县冯庄乡崖湾小学,1
彭阳县冯庄乡崾岘小学,1
彭阳县冯庄乡石沟小学,1
彭阳县冯庄乡茨湾小学,1
彭阳县冯庄乡高庄小学,1
彭阳县小岔乡卷槽村完全小学,1
彭阳县小岔乡李渠村完全小学,1
彭阳县小岔乡柳湾村完全小学,1
彭阳县小岔乡榆树村完全小学,1
彭阳县小岔乡米沟村完全小学,1
彭阳县小岔乡耳城村完全小学,1
彭阳县小岔村吊岔村完全小学,1
彭阳县崾岘村完全小学,1
彭阳县王洼镇中心学校,1
彭阳县王洼镇团庄村完全小学,1
彭阳县王洼镇姚岔村完全小学,1
彭阳县王洼镇孙阳村完全小学,1
彭阳县王洼镇尚台村完全小学,1
彭阳县王洼镇山庄村完全小学,1
彭阳县王洼镇崖堡村完全小学,1
彭阳县王洼镇李寨村完全小学,1
彭阳县王洼镇李岔村完全小学,1
彭阳县王洼镇李洼村完全小学,1
彭阳县王洼镇杨寨村完全小学,1
彭阳县王洼镇梁壕村完全小学,1
彭阳县王洼镇王洼村完全小学,1
彭阳县王洼镇石岔民族小学,1
彭阳县王洼镇花芦村完全小学,1
彭阳县王洼镇赵沟村完全小学,1
彭阳县王洼镇赵沟村阳洼小学,1
彭阳县王洼镇路寨村完全小学,1
彭阳县王洼镇邓山庄小学,1
彭阳县王洼镇邓岔村完全小学,1
彭阳县王洼镇陡沟村完全小学,1
彭阳县王洼镇马掌村完全小学,1
彭阳县白阳镇中庄小学,1
彭阳县白阳镇丰台小学,1
彭阳县白阳镇任湾小学,1
彭阳县白阳镇余沟小学,1
彭阳县白阳镇刘台小学,1
彭阳县白阳镇双磨小学,1
彭阳县白阳镇姜洼小学,1
彭阳县白阳镇姬山小学,1
彭阳县白阳镇山庄教学点,1
彭阳县白阳镇崾岘小学,1
彭阳县白阳镇玉洼小学,1
彭阳县白阳镇白岔小学,1
彭阳县白阳镇罗堡小学,1
彭阳县白阳镇老庄小学,1
彭阳县白阳镇阳洼小学,1
彭阳县白阳镇陡坡小学,1
彭阳县第一小学,1
彭阳县第三小学,1
彭阳县第二小学,1
彭阳县第四小学,1
彭阳县红河乡上王小学,1
彭阳县红河乡中心学校,1
彭阳县红河乡什字小学,1
彭阳县红河乡何塬小学,1
彭阳县红河乡何塬村后沟教学点,1
彭阳县红河乡何塬村木湾教学点,1
彭阳县红河乡南沟初小,1
彭阳县红河乡友联小学,1
彭阳县红河乡夏塬小学,1
彭阳县红河乡夏塬村徐沟教学点,1
彭阳县红河乡宽坪小学,1
彭阳县红河乡常沟小学,1
彭阳县红河乡常沟村雷咀初小,1
彭阳县红河乡徐塬小学,1
彭阳县红河乡文沟小学,1
彭阳县红河乡文沟村疙瘩湾初小,1
彭阳县红河乡红河小学,1
彭阳县红河乡黑牛沟小学,1
彭阳县罗洼乡寨科村完全小学,1
彭阳县罗洼乡张湾村完全小学,1
彭阳县罗洼乡石沟小学,1
彭阳县罗洼乡马涝小学,1
彭阳县草庙乡 和沟村完全小学,1
彭阳县草庙乡丑畔村完全小学,1
彭阳县草庙乡刘塬村完全小学,1
彭阳县草庙乡包山完全小学,1
彭阳县草庙乡周庄完全小学,1
彭阳县草庙乡崾岘完全小学,1
彭阳县草庙乡张街小学,1
彭阳县草庙乡新洼完全小学,1
彭阳县草庙乡曹川村完全小学,1
彭阳县草庙乡牛湾村完全小学,1
彭阳县草庙乡王岔完全小学,1
彭阳县草庙乡米塬完全小学,1
彭阳县草庙乡草庙小学,1
彭阳县草庙乡赵洼完全小学,1
彭阳县薛套村完全小学,1
新集乡中心小学,1
新集乡沟口小学,1
新集民小,1
杨坪小学,1
杨塬小学,1
杨塬村王塬小学,1
杨河教学点,1
沟圈小学,1
沟圈村后山教学点,1
海口小学,1
涝池小学,1
温沟小学,1
王大户教学点,1
王沟教学点,1
甘海小学,1
田壕小学,1
田庄小学,1
白庄洼教学点,1
白林小学,1
白河小学,1
白草洼小学,1
羊坊小学,1
谢寨小学,1
赵沟小学,1
郑庄小学,1
阳坡教学点,1
阳洼初小,1
陈沟小学,1
韩寨小学,1
顾山教学点,1
马旺堡小学,1
高庄小学,1
冯庄乡九年一贯制学校,1
古城镇初级中学,1
古城镇川口九年制学校,1
宁夏彭阳县第一中学,1
小岔乡九年一贯制学校,1
彭阳县交岔乡初级中学,1
彭阳县城阳乡初级中学,1
彭阳县孟塬乡初级中学,1
彭阳县王洼中学,1
彭阳县第三中学,1
彭阳县第二中学,1
彭阳县第四中学,1
彭阳县红河乡初级中学,1
彭阳县罗洼乡九年制学校,1
彭阳县草庙乡初级中学,1
新集乡初级中学,1
新集乡沟口初级中学,1
王洼镇初级中学,1
剑桥一幼,1
剑桥二幼,1
常乐幼儿园,1
新世纪幼儿园,1
新时代幼儿园,1
新时代第二幼儿园,1
滨河阳光幼儿园,1
红太阳幼稚园,1
阳光贝贝幼儿园,1
中卫市沙坡区东滩小学,1
中卫市沙坡区姚岗小学,1
中卫市沙坡区梁寨柯小学,1
中卫市沙坡区郝集小学,1
中卫市沙坡头区 王团小学,1
中卫市沙坡头区东园镇八字渠小学,1
中卫市沙坡头区东园镇冯桥小学,1
中卫市沙坡头区东园镇史湖小学,1
中卫市沙坡头区东园镇新滩小学,1
中卫市沙坡头区东园镇新滩小学柔新教学点,1
中卫市沙坡头区东园镇曹闸小学,1
中卫市沙坡头区东园镇瑞应小学,1
中卫市沙坡头区东园镇郭滩学校郑口教学点,1
中卫市沙坡头区东园镇韩闸小学,1
中卫市沙坡头区东园镇黑山小学,1
中卫市沙坡头区兴仁镇兴仁小学,1
中卫市沙坡头区兴仁镇温寨柯小学,1
中卫市沙坡头区兴仁镇西里小学,1
中卫市沙坡头区兴仁镇高庄小学,1
中卫市沙坡头区宣和镇丹阳小学,1
中卫市沙坡头区宣和镇何营小学,1
中卫市沙坡头区宣和镇宏爱小学,1
中卫市沙坡头区宣和镇宣和小学,1
中卫市沙坡头区宣和镇山羊场小学,1
中卫市沙坡头区宣和镇旧营小学,1
中卫市沙坡头区宣和镇曹山小学,1
中卫市沙坡头区宣和镇汪园小学,1
中卫市沙坡头区宣和镇汪园小学西坡教学点,1
中卫市沙坡头区宣和镇福堂小学,1
中卫市沙坡头区宣和镇草台小学,1
中卫市沙坡头区宣和镇赵滩小学,1
中卫市沙坡头区宣和镇郝家塘小学,1
中卫市沙坡头区宣和镇马滩小学,1
中卫市沙坡头区常乐镇倪滩小学,1
中卫市沙坡头区常乐镇常乐小学,1
中卫市沙坡头区常乐镇水车小学,1
中卫市沙坡头区常乐镇红泉小学,1
中卫市沙坡头区常乐镇马路滩小学,1
中卫市沙坡头区文昌镇郭营小学,1
中卫市沙坡头区柔远镇冯庄小学,1
中卫市沙坡头区柔远镇施庙小学,1
中卫市沙坡头区柔远镇柔远小学,1
中卫市沙坡头区柔远镇沙渠小学,1
中卫市沙坡头区柔远镇渡口小学,1
中卫市沙坡头区柔远镇范庙小学,1
中卫市沙坡头区永康镇乐台小学,1
中卫市沙坡头区永康镇双达小学,1
中卫市沙坡头区永康镇双达小学永新教学点,1
中卫市沙坡头区永康镇景台小学,1
中卫市沙坡头区永康镇永丰小学,1
中卫市沙坡头区永康镇永康小学,1
中卫市沙坡头区永康镇沙滩小学,1
中卫市沙坡头区永康镇申滩学校刘湾教学点,1
中卫市沙坡头区永康镇申滩学校杨滩教学点,1
中卫市沙坡头区永康镇西台学校丰台教学点,1
中卫市沙坡头区永康镇西台学校城农教学点,1
中卫市沙坡头区永康镇阳沟小学,1
中卫市沙坡头区滨河镇新墩小学,1
中卫市沙坡头区迎水桥镇夹道小学,1
中卫市沙坡头区迎水桥镇杨渠小学,1
中卫市沙坡头区迎水桥镇沙坡头小学,1
中卫市沙坡头区迎水桥镇沙坡头小学营盘水教学点,1
中卫市沙坡头区迎水桥镇牛滩小学,1
中卫市沙坡头区迎水桥镇码头小学,1
中卫市沙坡头区迎水桥镇铁路小学,1
中卫市沙坡头区镇罗镇九塘小学,1
中卫市沙坡头区镇罗镇关庄小学,1
中卫市沙坡头区镇罗镇李嘴小学,1
中卫市沙坡头区镇罗镇李园小学,1
中卫市沙坡头区镇罗镇沈桥小学,1
中卫市沙坡头区镇罗镇河沟小学,1
中卫市沙坡头区镇罗镇镇罗小学,1
中卫市沙坡头区镇罗镇镇西小学,1
中卫市沙坡头区香山乡三眼井小学,1
中卫市沙坡头区香山乡三眼井小学新庄教学点,1
中卫市沙坡头区香山乡三眼井小学深井教学点,1
中卫市沙坡头区香山乡三眼井小学磙子井,1
中卫市沙坡头区香山乡任寨教学点,1
中卫市沙坡头区香山乡南长滩小学,1
中卫市沙坡头区香山乡尹西教学点,1
中卫市沙坡头区香山乡新水教学点,1
中卫市沙坡头区香山乡福和希望小学,1
中卫市沙坡头区香山乡米粮川移民安置区,1
中卫市沙坡头区香山乡红圈子小学,1
中卫市沙波头区永康镇彩达小学,1
中卫市第一小学,1
中卫市第七小学,1
中卫市第三小学,1
中卫市第二小学,1
中卫市第五小学,1
中卫市第八小学,1
中卫市第六小学,1
中卫市第十小学,1
中卫市第四小学,1
中卫市东园中学,1
中卫市兴仁中学,1
中卫市宣和中学,1
中卫市常乐中学,1
中卫市柔远中学,1
中卫市永康中学,1
中卫市沙坡头区东园镇郭滩学校,1
中卫市沙坡头区宣和镇东台学校,1
中卫市沙坡头区宣和镇东月学校,1
中卫市沙坡头区宣和镇张洪学校,1
中卫市沙坡头区永康镇申滩学校,1
中卫市沙坡头区永康镇西台学校,1
中卫市沙坡头区蒿川学校,1
中卫市沙坡头区迎水桥镇姚滩学校,1
中卫市沙坡头区迎水桥镇黑林学校,1
中卫市沙坡头区镇罗镇凯歌学校,1
中卫市沙坡头区镇罗镇观音学校,1
中卫市第一中学,1
中卫市第三中学,1
中卫市第二中学,1
中卫市第五中学,1
中卫市第六中学,1
中卫市第四中学,1
中卫市西园中学,1
中卫市镇罗中学,1
宁夏中卫中学,1
中宁兴宁幼儿园,1
商业幼儿园,1
孔子学堂幼儿园,1
新堡幼儿园,1
星海幼儿园,1
渠口育花园幼儿园,1
爱丽宝幼儿园,1
白马启明幼儿园,1
红宝幼儿园,1
舟塔幼儿园,1
银河幼儿园,1
雏鹰幼儿园,1
鸣沙育苗幼儿园,1
中宁县余丁乡余丁完全小学,1
中宁县余丁乡时庄完全小学,1
中宁县余丁乡永兴完全小学,1
中宁县余丁乡石空完全小学,1
中宁县余丁乡金沙完全小学,1
中宁县余丁乡黄羊完全小学,1
中宁县喊叫水乡上海工投维宗希望小学,1
中宁县喊叫水乡中圈口子学校,1
中宁县喊叫水乡井尔沟学校,1
中宁县喊叫水乡北沿口学校,1
中宁县喊叫水乡土塘学校,1
中宁县喊叫水乡大台子学校,1
中宁县喊叫水乡大滩川学校,1
中宁县喊叫水乡小川子学校,1
中宁县喊叫水乡新庄子学校,1
中宁县喊叫水乡田滩学校,1
中宁县喊叫水乡白卷子学校,1
中宁县喊叫水乡白圪塔学校,1
中宁县喊叫水乡长流水学校,1
中宁县喊叫水乡黑套子学校,1
中宁县大战场乡上渠完全小学,1
中宁县大战场乡东河完全小学,1
中宁县大战场乡中心小学,1
中宁县大战场乡北滩小学,1
中宁县大战场乡唐圈小学,1
中宁县大战场乡固唐小学,1
中宁县大战场乡宽口井完小,1
中宁县大战场乡彭建完全小学,1
中宁县大战场乡沙枣湾小学,1
中宁县大战场乡清河小学,1
中宁县大战场乡白岗小学,1
中宁县大战场乡石喇叭完全小学,1
中宁县大战场乡红宝完全小学,1
中宁县大战场乡西沙梁小学,1
中宁县大战场乡锅底坑小学,1
中宁县大战场乡马家梁小学,1
中宁县大战场乡马莲梁小学,1
中宁县大战场长山头完全小学,1
中宁县宁安镇东华完全小学,1
中宁县宁安镇南桥完全小学,1
中宁县宁安镇古城完全小学,1
中宁县宁安镇营盘滩完全小学,1
中宁县宁安镇黄滨完全小学,1
中宁县徐套乡徐套完全小学,1
中宁县恩和镇上庄完全小学,1
中宁县恩和镇华寺完小,1
中宁县恩和镇双井子小学,1
中宁县恩和镇恩和完全小学,1
中宁县恩和镇曹桥完全小学,1
中宁县恩和镇朱台完小,1
中宁县恩和镇沙滩完小,1
中宁县恩和镇红梧山小学,1
中宁县新堡镇刘庄完全小学,1
中宁县新堡镇刘庙完全小学,1
中宁县新堡镇刘营完全小学,1
中宁县新堡镇吴桥完全小学,1
中宁县新堡镇宋营完全小学,1
中宁县新堡镇盖湾完全小学,1
中宁县渠口太阳梁第一小学,1
中宁县渠口太阳梁第二小学,1
中宁县白马乡三道湖完全小学,1
中宁县白马乡朱路完全小学,1
中宁县白马乡白路完全小学,1
中宁县白马乡白马完全小学,1
中宁县石空镇关帝完小,1
中宁县石空镇太平完全小学,1
中宁县石空镇张台完全小学,1
中宁县石空镇新桥完全小学,1
中宁县石空镇枣园完全小学,1
中宁县石空镇白马湖完全小学,1
中宁县石空镇立新完小,1
中宁县第七小学,1
中宁县第三小学,1
中宁县第九小学,1
中宁县第二小学,1
中宁县第五小学,1
中宁县第八小学,1
中宁县第六小学,1
中宁县第十小学,1
中宁县第四小学,1
中宁县舟塔乡上桥完小,1
中宁县舟塔乡孔滩完全小学,1
中宁县舟塔乡康滩完小,1
中宁县舟塔乡潘营完全小学,1
中宁县舟塔乡田滩完全小学,1
中宁县舟塔乡舟塔完小,1
中宁县舟塔乡铁渠完小,1
中宁县长山头小洪沟完全小学,1
中宁县鸣沙镇二道渠完全小学,1
中宁县鸣沙镇五道渠完全小学,1
中宁县鸣沙镇李滩逸夫完全小学,1
中宁县鸣沙镇长滩完全小学,1
中宁县鸣沙镇长鸣完全小学,1
中宁县鸣沙镇鸣沙完全小学,1
中宁县鸣沙镇黄营完全小学,1
喊叫水乡上庄子小学,1
喊叫水乡下庄子完全小学,1
喊叫水乡下庄子教学点,1
喊叫水乡东庄河小学,1
喊叫水乡五丰台小学,1
喊叫水乡北沟沿小学,1
喊叫水乡周庄子小学,1
喊叫水乡周段头小学,1
喊叫水乡杨庄子完全小学,1
喊叫水乡油房岭小学,1
喊叫水乡王庄子学校,1
喊叫水乡石坝水小学,1
喊叫水乡贺口子小学,1
喊叫水乡马家塘完全小学,1
喊叫水乡马庄子小学,1
喊叫水乡高岭完全小学,1
宁夏中宁县大战场乡花豹湾完全小学,1
宁夏中宁县第一小学,1
中宁县东华初级中学,1
中宁县中宁中学,1
中宁县喊叫水乡下流水九年制学校,1
中宁县大战场中学,1
中宁县大战场乡长山头初级中学,1
中宁县徐套乡徐套九年制学校,1
中宁县渠口九年制学校（初中部）,1
中宁县渠口九年制学校（小学部）,1
中宁县第一中学,1
中宁县第三中学,1
中宁县第二中学,1
中宁县第五中学,1
中宁县第六中学,1
中宁县第四中学,1
中宁县舟塔乡康滩初级中学,1
中宁县舟塔乡舟塔初级中学,1
中宁县长山头九年制学校,1
中宁县鸣沙中学,1
喊叫水乡九年制学校,1
群星幼儿园,1
七百户小学,1
三河镇丘陵小学,1
三河镇丘陵村八道俭教学点,1
三河镇中心小学,1
三河镇代店第一小学,1
三河镇代店第二小学,1
三河镇六窑小学,1
三河镇六窑村九队教学点,1
三河镇唐堡小学,1
三河镇四营第一小学,1
三河镇回民女子小学,1
三河镇团庄小学,1
三河镇坪路第一小学,1
三河镇坪路第三小学,1
三河镇坪路第二小学,1
三河镇学梁小学,1
三河镇小河第一小学,1
三河镇小河第二小学,1
三河镇红城小学,1
三河镇苋麻第一小学,1
三河镇苋麻第二小学,1
三河镇赵园小学,1
三河镇辽坡村王庄教学点,1
东坡教学点,1
东海坝小学,1
中国平安回民希望小学,1
九道小学,1
仁庄教学点,1
伍岔教学点,1
党河初小,1
关桥乡八斗教学点,1
关桥乡方堡小学,1
关桥乡瓦窖河小学,1
关桥乡贺堡小学,1
关桥小学,1
冯湾小学,1
北坪教学点,1
北岗教学点,1
南川教学点,1
南河小学,1
卷曹小学,1
双墩小学,1
后塘小学,1
后河教学点,1
向阳小学,1
周堡小学,1
团庄小学,1
团结小学,1
园子湾教学点,1
大沟门教学点,1
套脑小学,1
小塬初小,1
山门小学,1
庄湾小学,1
张庄小学,1
张湾小学,2
张湾教学点,1
徐塘小学,1
斗沟教学点,1
新庄教学点,1
李俊乡三百户教学点,1
李俊乡上窑小学,1
李俊乡团结小学,1
李俊乡大平教学点,1
李俊乡崾岘小学,1
李俊乡拐洼教学点,1
李俊乡李套教学点,1
李俊乡李洼教学点,1
李俊乡永丰小学,1
李俊乡海口教学点,1
李俊乡牛堡教学点,1
李俊乡猫儿沟教学点,1
李俊乡白路门小学,1
李俊乡红星小学,1
李俊乡蒿滩小学,1
李俊乡蔡祥小学,1
李俊乡金佛教学点,1
李俊小学,1
李旺小学,1
李旺镇中心小学,1
李旺镇九牛小学,1
李旺镇九百户小学,1
李旺镇二道小学,1
李旺镇北梁小学,1
李旺镇新塬小学,1
李旺镇李果园小学,1
李旺镇杜家沟小学,1
李旺镇杨家山庄小学,1
李旺镇杨山小学,1
李旺镇罗川小学,1
杨堡小学,1
杨家庄教学点,1
柳套教学点,1
段塬小学,1
水塘小学,1
海原县史店乡田拐学校,1
海原县回民小学,1
海原县李俊联合小学,1
海原县第一小学,1
海原县第三小学,1
海原县第二小学,1
海原县第四小学,1
海城镇第二小学,1
海湾小学,1
涧堡初小,1
王塘小学,1
王湾小学,1
田湾教学点,1
白古教学点,1
石头河湾教学点,1
秦家岘教学点,1
第一小学,1
红中湾教学点,1
红圈小学,1
红羊乡上甘小学,1
红羊乡中川教学点,1
红羊乡中心小学,1
红羊乡冯沟教学点,1
红羊乡刘套小学,1
红羊乡孝庄小学,1
红羊乡术川小学,1
红羊乡杨套初小,1
红羊乡槐木小学,1
红羊乡樱桃小学,1
红羊乡湾湾崖教学点,1
红羊乡石塘小学,1
红羊乡石岘子小学,1
红羊乡种田初小,1
红羊乡罗庄小学,1
红羊乡老庄小学,1
红羊乡芦子岘小学,1
红羊乡谢套小学,1
红羊乡郑脑小学,1
红羊乡马场小学,1
红羊乡黑角湾教学点,1
罗山小学,1
罗泉小学,1
羊吉教学点,1
老虎台教学点,1
脱场小学,1
腰坝掌教学点,1
臭草教学点,1
舒湾小学,1
萧山希望小学,1
蒿洼教学点,1
西安镇付套小学,1
西安镇园河小学,1
西安镇小河小学,1
西安镇白吉小学,1
西安镇维宗小学,1
西安镇胡湾小学,1
西安镇范台小学,1
西安镇菜园小学,1
西安镇西安中心小学,1
西安镇鸡窝小学,1
谢塬初小,1
贺川小学,1
贾塘乡前湾教学点,1
贾塘乡城门湾教学点,1
贾塘乡堡台小学,1
贾塘乡朱套教学点,1
贾塘乡肖套教学点,1
贾塘乡肖湾教学点,1
贾塘乡马营小学,1
贾塘小学,1
赵井小学,1
车湾教学点,1
闵塘小学,1
陡沟初小,1
陶堡小学,1
韩府小学,1
马家湾教学点,1
马尔山教学点,1
马湾小学,1
马莲小学,1
高台寺小学,1
鸠子滩教学点,1
黄坪小学,1
黄湾小学,1
黑山口教学点,1
黑岭小学,1
黑拐小学,1
龙池小学,1
三河中学,1
关桥中学,1
双河学校,1
李旺中学,1
海原县史店乡中心学校,1
海原县回民中学,1
海原县杨明中学,1
海原县第一中学,1
海原县第三中学,1
海原县第二中学,1
海原县红羊中学,1
海原县西安中学,1
罗山中学,1
贾塘中学,1
高台中学,1
佳能幼儿园,1
宁东新灵幼儿园,1
明星幼儿园,1
智多星幼儿园,1
青松苑幼儿园,1
宁东小学,1
永利小学,1
灵新小学,1
青松苑小学,1
灵州学校,1
